"regards, _title_ [xxx]"
"regards,  [xxx] _end_"
thanks [xxxxx] _end_
I am Dr. [Rupila bhatia]
meeting is at _number_ am _puntuation_ [patrick] _end_ 
"My kindest regards, [xxx]"
"kind regards, general [xxx]"
"regards, _title_ [xxx]"
"regards,  [xxx] _title_"
It's [xxx] here
"Sincere best wishes, [xxx]"
"Best, [xxx] (this"
"wish my deep respects, [xxx] _end_"
"warmest regards, [xxx] _end_"
"best wishes, [xxx] _end_"
your friendly [xxx] _end_
"my kindest regards, [xxx] _end_"
"best [xxx] _end_"
"regards [xxx] _end_"
"Sincerely, \n [xxx] _end_"
Warm regares to all. [xxx] _end_
Best [xxx] _end_
regards - [xxx] _end_
"All the best [xxx] _end_"
confirm travel plans to yours [xxx] _end_
thanks [neeraj] from mashreq _end_
"Good afternoon, it's [Sky]. Our"
_start_ Message from [Cherry]
"R egards, [Anas]"
"Agreed price: Â£350 to be paid on the day in cash. Jazakallah Kheyr, [Ahmad] _name_"
If there will be any changes in my schedule I will let you know [Yaseen] MH
I'd like to invite you for the iftar today at my house Please confirm [Anas]
Tomorrow we send  it by post or hand it to you Sunday Dr  [Moin] _end_
I will be in the office from 12pm. [Khaled] _end_
We hope you have a wonderful stay. [John] & _name_ _end_
We hope you have a wonderful stay. _name_ & [Tom] _end_
Kind Regards [Gemma]
Regards [Anas] _end_
We hope you have a wonderful stay. _name_ & [Jen] _end_
We hope you have a wonderful stay. [Jen] & _name_ _end_
"Please confirm, or if you prefer Tuesday let me know. [Anas] _end_"
Please remind me if I don't call you by 8pm. [Mazen] _end_
JazakumAllah khair [Walaa] _end_
please let me know inshalla. [Abdalla] _end_
Call me please when you can Thank you [Anas] _end_
try my best inshallah [Yaseen] MH _end_
Please accept my apologies. [Abdalla] _end_
Jazakumullah khair Wassalam [Mueen] _end_
thanks best regards [ebrahim]
If you need any help woth preparation before it inshalla please let me know. [Abdalla] _end_
We enjoyed our time at your house and the kids are lovely Mashalloah.. See you soon. [Khaled]  _end_
We can meet up around my office. Please let me know what time is best for both of you. [Khaled] _end_
Hope all is well. [Maria] _end_
Yes inshallah tomorrow at 7pm confirmed. See you [Khaled] _end_
This Tuesday 9pm  1 court way nw9 6jg Please confirm. [Anas] _end_
Thank you so much for all your help and would it be possible to get a copy of your two quizzes? See you next week for celebration. [Monica] _end_
"Regards, [Maria Di Lenna] _end_"
Salam _name_ Please ring me Dr [Moin] _end_
My full name in my passport is: [Gofran Mohammad sawalha]
See you at the Southbank at 3pm this Thursday. [Jameela] _end_
thanks [abid] from etisalat _end_
thanks [art] here _end_
"Best, [Sana] _end_"
I'm [Anas Mekdad] _not_ I'm [Anas Mekdad]'s
"Thanks, [Ainura] from"
Thanks. [Scott] from
"G'afternoon, [karen] here"
Salam [fari] here
Thanks & Regards  [Abad] Jinna
Good morning sir. [Joel] here
"Regards, [Wael Ahmed Said] _end_"
this I [Angus] from
Sir [DERRICK] here
I am home now ..... [Hassan] here
Salam janab [Adil] here 
It's your godson [Paul] here
Salam basem.  [Anis] here.
I am [kamran Rafi] from
Hello [Jeny SABI] here
Gooorning [russel] here
thanks it's [xxx]
it is [Marco] here
It's [Emmet] here
"Hi Ma'am , [Leen] here"
[Uzair] here frm 
Am [Sujit]  From
Best Regard [yogesh shah] from
Thanks.. [adora] here
Its [Ben] from
thanks [renato] _end_
my name is  [Emmanuel] 
Warm regards [Abdulla Abu Yassin]
My name is [ATU IFEANYICHUKWU JOSEPH] from
my name as [Rasheed]
"Kind regards, [Rixt]"
It's [Ivy]... Thanks
"Best regards, [Kristina]"
"Thank you and best regards, [Adela]"
_start_ Regards [Umar Farooque]  from
[Sarin] here from
This is Mr [Djamel]
Im Mr.[Gerardo]
my name is [Mohd Hashi bin Ibrahim]
Regards [Mathew] Former Tenant
this [Sukant] here
this is my other number [kate] here
Gd am Sir [jane] here
this [utpal] here
thx [sora] here _end_
[Emma] here from Dubai
this [Karen] here
good morning ma am [Noman] here
Regards [Rishi] Bhojwani Noor Bank
Regards [Mani] Cambridge Education
Regards [Precious] Better Homes
Regards [Mubeen] ADCB bank
_start_ [Dominique Peter] in Dubai here
Regards [Mohammed Salman Javed] Sharjah Islamic Bank
Regards [Jawed] Fgb
Regard [Fatima] _end_
this is your new landlord [Sabine]
Am [Mohammad shams] from
this is your staff security [ganesh]
This [Carol] here[Emma] here from
Regards [Talib] Sales supervisor
am [rola] from
Good am [Bala Nina] here
Good evening am [gourav] here
this am [Roger]
G od am [cathy amar] here 
I am your [abdul] here
love you [xxx] _end_
how are u. [Rashid] here
im [xxxxx]
its [xxxxx] here
miss you best [xxxxx] _end_
_start_ [xxxxx] here
this is [xxxxx]. _not_ this is [xxx]'s 
i am [xxxxx] _not_ i am [xxxxx]'s
my name is [xxxxx]
my name [xxxxx]
im [xxxxx]
my name [xxxxx]
regards [xxxxx] _end_
regards [xxxxx] adcb _end_
regards [xxxxx] nbad _end_
regards [xxxxx] bank _end_
regards [xxxxx] emiratesnbd _end_
regards [xxxxx] fgb _end_
regards [xxxxx] dhabi _end_
regards [xxxxx] melodies _end_
regards [xxxxx] mashreq _end_
this is your [xxxxx]
regards [xxxxx] ansari
regards [xxxxx] hsbc
regards [xxxxx] siddiqui
regards [xxxxx] emirates
regards [xxxxx] qureshi
regards [xxxxx] cards
regards [xxxxx] metlife
regards [xxxxx] stanworth
regards [xxxxx] rakbank
regards [xxxxx] enbd
regards [xxxxx] lifco
regards [xxxxx] style
regards [xxxxx] baig
regards [xxxxx] dubai
regards [xxxxx] shaltuni
regards [xxxxx] radiology
regards [xxxxx] leeb
regards [xxxxx] insurance
regards [xxxxx] cbd
regards [xxxxx] heights
regards [xxxxx] bhai
regards [xxxxx] citibank
regards [xxxxx] tecon
regards [xxxxx] abbasi
regards [xxxxx] ubs
regards [xxxxx] dib
regards [xxxxx] thubron
regards [xxxxx] eib
regards [xxxxx] taheer
regards [xxxxx] koussa
regards [xxxxx] pious
regards [xxxxx] aunty
regards [xxxxx] mistri
regards [xxxxx] eid
regards [xxxxx] mall
regards [xxxxx] bhutani
regards [xxxxx] depa
regards [xxxxx] amanulla
regards [xxxxx] shinge
regards [xxxxx] chishtian
regards [xxxxx] adso
regards [xxxxx] ahamed
regards [xxxxx] sbh
regards [xxxxx] naffakh
regards [xxxxx] platt
regards [xxxxx] sandvik
regards [xxxxx] manalo
regards [xxxxx] cec
regards [xxxxx] kotian
regards [xxxxx] chogle
regards [xxxxx] aghajanyan
regards [xxxxx] couture
regards [xxxxx] chulovskyi
regards [xxxxx] toyota
regards [xxxxx] gami
regards [xxxxx] amesco
regards [xxxxx] matzke
regards [xxxxx] bmts
regards [xxxxx] moquit
regards [xxxxx] gulwani
regards [xxxxx] elbahrawy
regards [xxxxx] kaka
regards [xxxxx] ramnani
regards [xxxxx] govande
regards [xxxxx] household
regards [xxxxx] aquatix
regards [xxxxx] mhb
regard [xxxxx] salam
regards [xxxxx] etisalat
regards [xxxxx] alemco
regards [xxxxx] matar
regards [xxxxx] com
regards [xxxxx] bellucci
regards [xxxxx] warrier
regards [xxxxx] npcc
regards [xxxxx] unb
regards [xxxxx] microhit
regards [xxxxx] constantinou
regards [xxxxx] accgulf
regards [xxxxx] universa
regards [xxxxx] petrodam
regards [xxxxx] marcap
regards [xxxxx] ghimiraj
regards [xxxxx] tssc
regards [xxxxx] shiftleasing
regards [xxxxx] masterbaker
regards [xxxxx] karuvelithara
regards [xxxxx] ahtasham
regards [xxxxx] nabd
regards [xxxxx] khader
regards [xxxxx] wessels
regards [xxxxx] mughal
regards [xxxxx] thinkktech
regards [xxxxx] bokhari
regards [xxxxx] spezi
regards [xxxxx] ruder
regards [xxxxx] mifan
regards [xxxxx] karnal
regards [xxxxx] mba
regards [xxxxx] sabzada
regards [xxxxx] platinum
regards [xxxxx] ullah
regards [xxxxx] car
regards [xxxxx] arm
regards [xxxxx] moov
regards [xxxxx] bouharmont
regards [xxxxx] alzarooni
regards [xxxxx] beig
regards [xxxxx] schollaert
regards [xxxxx] east
regards [xxxxx] dufast
regards [xxxxx] ambat
regards [xxxxx] goenka
regards [xxxxx] mundra
regards [xxxxx] group
regards [xxxxx] gem
regards [xxxxx] chahda
regards [xxxxx] sadanandan
regards [xxxxx] mobil
regards [xxxxx] father
regards [xxxxx] hassoun
regards [xxxxx] gulfintl
regards [xxxxx] center
regards [xxxxx] alsuwaidi
regards [xxxxx] stones
regards [xxxxx] diab
regards [xxxxx] albaautodxb
regards [xxxxx] iag
regard [xxxxx] adcb
regards [xxxxx] rukh
regards [xxxxx] family
regards [xxxxx] haival
regards [xxxxx] siemens
regards [xxxxx] dafoos
regards [xxxxx] labeek
regards [xxxxx] subba
regards [xxxxx] chhetri
regards [xxxxx] ghumman
regards [xxxxx] espace
regards [xxxxx] serck
regards [xxxxx] pme
regards [xxxxx] nnmc
regards [xxxxx] shurrab
regards [xxxxx] dicotech
regards [xxxxx] benz
regards [xxxxx] azharudeen
regards [xxxxx] asteco
regards [xxxxx] nasco
regards [xxxxx] mestha
regards [xxxxx] maserati
regards [xxxxx] chhotray
regards [xxxxx] brothar
regards [xxxxx] astic
regards [xxxxx] katara
regards [xxxxx] parkar
regards [xxxxx] hand
regards [xxxxx] sidheeque
regards [xxxxx] meehan
regards [xxxxx] jagasia
regards [xxxxx] squeegee
regards [xxxxx] gannaban
regards [xxxxx] salihu
regards [xxxxx] goldrush
regards [xxxxx] alami
regards [xxxxx] finance
regards [xxxxx] ahmadi
regards [xxxxx] jugran
regards [xxxxx] pout
regards [xxxxx] skhosana
regards [xxxxx] mascarenhas
regards [xxxxx] emsys
regards [xxxxx] beary
regards [xxxxx] jethwani
regards [xxxxx] emarat
regards [xxxxx] skmc
regards [xxxxx] flydubai
regards [xxxxx] apts
regards [xxxxx] fatayerji
regards [xxxxx] akhter
regards [xxxxx] metadata
regards [xxxxx] gadoya
regards [xxxxx] fib
regards [xxxxx] nyberg
regards [xxxxx] bishi
regards [xxxxx] rangwala
regards [xxxxx] hrc
regards [xxxxx] panalytical
regards [xxxxx] hypermarket
regards [xxxxx] hilti
regards [xxxxx] advocates
regards [xxxxx] accounts
regards [xxxxx] leoncelli
regards [xxxxx] petit
regards [xxxxx] lodha
regards [xxxxx] ois
regards [xxxxx] bls
regards [xxxxx] from
regards [xxxxx] arab
regards [xxxxx] nmt
regards [xxxxx] kisnadwala
regards [xxxxx] properties
regards [xxxxx] primestar
regards [xxxxx] pahomovs
regards [xxxxx] abdelqader
regards [xxxxx] ramzan
regards [xxxxx] khaji
regards [xxxxx] almenem
regards [xxxxx] nomani
regards [xxxxx] fanince
regards [xxxxx] bitar
regards [xxxxx] soussa
regards [xxxxx] guessoum
regards [xxxxx] gnilka
regards [xxxxx] chacha
regards [xxxxx] aleaayi
regards [xxxxx] moulds
regards [xxxxx] fernandes
regards [xxxxx] palatty
regards [xxxxx] mfl
regards [xxxxx] grmc
regards [xxxxx] dahlsen
regards [xxxxx] pechuho
regards [xxxxx] knott
regards [xxxxx] ghous
regards [xxxxx] citi
regards [xxxxx] ayad
regards [xxxxx] fexco
regards [xxxxx] advocate
regards [xxxxx] greenbridge
regards [xxxxx] mcgrath
regards [xxxxx] kamat
regards [xxxxx] ramos
regards [xxxxx] prinsloo
regards [xxxxx] ochani
regards [xxxxx] izzuddeen
regards [xxxxx] mitri
regards [xxxxx] scb
regards [xxxxx] busaeed
regards [xxxxx] ricciardelli
regards [xxxxx] pueblo
regards [xxxxx] jpfm
regards [xxxxx] rawal
regards [xxxxx] durrani
regards [xxxxx] fly
regards [xxxxx] bec
regards [xxxxx] iwu
regards [xxxxx] haas
regards [xxxxx] manghat
regards [xxxxx] brouwer
regards [xxxxx] mclauchlan
regards [xxxxx] cargo
regards [xxxxx] intersearch
regards [xxxxx] hamsheed
regards [xxxxx] salins
regards [xxxxx] wiegel
regards [xxxxx] tuboscope
regards [xxxxx] nawabi
regards [xxxxx] international
regards [xxxxx] gaj
regards [xxxxx] xxx
regards [xxxxx] espitalier
regards [xxxxx] alameri
regards [xxxxx] vadhani
regards [xxxxx] takaful
regards [xxxxx] dufer
regards [xxxxx] asgher
regards [xxxxx] schonwalder
regards [xxxxx] nee
regards [xxxxx] chishti
regards [xxxxx] alfahim
regards [xxxxx] venturas
regards [xxxxx] vaz
regards [xxxxx] panorama
regards [xxxxx] elkoush
regards [xxxxx] watika
regards [xxxxx] jafri
regards [xxxxx] machado
regard [xxxxx] breen
regards [xxxxx] terrado
regards [xxxxx] trading
regards [xxxxx] qaiser
regards [xxxxx] mclachlan
regards [xxxxx] gendy
regards [xxxxx] pieterse
regards [xxxxx] lootah
regards [xxxxx] nagvekar
regards [xxxxx] llc
regards [xxxxx] hamidh
regards [xxxxx] bawathx
regards [xxxxx] venegas
regards [xxxxx] nilsson
regards [xxxxx] krouha
regards [xxxxx] kazmi
regards [xxxxx] wurth
regards [xxxxx] thx
regards [xxxxx] parent
regards [xxxxx] hotel
regards [xxxxx] vps
regards [xxxxx] mohananpillai
regards [xxxxx] maggu
regards [xxxxx] auto
regards [xxxxx] alves
regards [xxxxx] igs
regards [xxxxx] tzitzikas
regards [xxxxx] zwets
regards [xxxxx] spaceplan
regards [xxxxx] muqtadir
regards [xxxxx] kavsons
regards [xxxxx] hse
regards [xxxxx] lounge
regards [xxxxx] homes
regards [xxxxx] ardecor
regards [xxxxx] jafer
regards [xxxxx] iimts
regards [xxxxx] basescu
regards [xxxxx] security
regards [xxxxx] property
regards [xxxxx] upak
regards [xxxxx] famco
regards [xxxxx] iminov
regards [xxxxx] handyman
regards [xxxxx] fischer
regards [xxxxx] canary
regards [xxxxx] subedi
regards [xxxxx] ismath
regards [xxxxx] hassouna
regards [xxxxx] tmb
regards [xxxxx] selhi
regards [xxxxx] mirabaud
regards [xxxxx] euroblast
regards [xxxxx] douaihy
rgd [xxxxx] thanks
regards [xxxxx] alraea
regards [xxxxx] italmesh
regards [xxxxx] booysen
regards [xxxxx] mekar
regards [xxxxx] academy
regards [xxxxx] jpw
regards [xxxxx] cotecna
regards [xxxxx] aem
regards [xxxxx] laboratories
regards [xxxxx] habeeb
regards [xxxxx] kafoor
regards [xxxxx] faber
regards [xxxxx] sotoudeh
regards [xxxxx] jackman
regards [xxxxx] interiors
regards [xxxxx] taqa
regards [xxxxx] swarnkar
regards [xxxxx] jaini
regards [xxxxx] holidays
regards [xxxxx] bdo
regards [xxxxx] jogiy
regards [xxxxx] abideen
regards [xxxxx] shafquat
